,Sharp Ratio annl,Sortino Ratio annl,atr thrshld,days in trade,end,long ma,mar,max drawdown,mean annl pct return,mean annl pct return buyhold,mean annl pct return strat,mean annl pct return trd avg,short ma,start,years
0,0,0,0,0,0,0,0,0,0.0,0,,0,0,0,0
0,-0.002043911185681185,-0.003021259668984185,0.5,5,2017-03-09 00:00:00,50,-0.007286506885295529,0.185,,1.618684214304622,-0.1348003773779416,19633.37928734934,10,1993-04-27 00:00:00,23.882191780821916
0,-0.016669329574930485,-0.02460308304954639,0.5,15,2017-03-09 00:00:00,50,-0.018273572207302403,0.625,,1.618684214304622,-1.1420982629562926,395.08684149793913,10,1993-04-27 00:00:00,23.882191780821916
0,0.013477716587289695,0.02051883814613198,0.5,25,2017-03-09 00:00:00,50,0.014992459988458004,0.655,,1.618684214304622,0.9820061292439286,434.31376352432346,10,1993-04-27 00:00:00,23.882191780821916
0,-0.02308123458445666,-0.03262301777597559,1.0,5,2017-03-09 00:00:00,50,-0.08120009051123549,0.184138559708,,1.2894134092770626,-1.4952067714921857,19619.190005336382,10,1993-04-27 00:00:00,23.882191780821916
0,-0.03348596178781363,-0.0486327529189832,1.0,15,2017-03-09 00:00:00,50,-0.04346341901642599,0.525210084034,,1.2894134092770626,-2.2827425954003555,355.29184258923243,10,1993-04-27 00:00:00,23.882191780821916
0,-0.0009026333540086529,-0.0013596220691643377,1.0,25,2017-03-09 00:00:00,50,-0.0011945056100964469,0.550420168067,,1.2894134092770626,-0.06574799786664975,401.58285736492576,10,1993-04-27 00:00:00,23.882191780821916
0,-0.03387955055956559,-0.04736701300203961,1.5,5,2017-03-09 00:00:00,50,-0.11799997229867476,0.184138559708,,0.8991400562016194,-2.172834494469633,5730.210361015716,10,1993-04-27 00:00:00,23.882191780821916
0,-0.04385170308835494,-0.06367946155822608,1.5,15,2017-03-09 00:00:00,50,-0.057104274990364544,0.525210084034,,0.8991400562016194,-2.9991741066365707,304.20921962967856,10,1993-04-27 00:00:00,23.882191780821916
0,-0.005740643930798266,-0.008653957048953137,1.5,25,2017-03-09 00:00:00,50,-0.0076023008954060264,0.550420168067,,0.8991400562016194,-0.4184459736546797,378.7877211437665,10,1993-04-27 00:00:00,23.882191780821916
0,-0.026957237033991218,-0.036408751023350595,2.0,5,2017-03-09 00:00:00,50,-0.08870427325127773,0.184138559708,,1.1020680566688368,-1.633387711646106,4782.568534538059,10,1993-04-27 00:00:00,23.882191780821916
0,-0.04676697987946693,-0.06697052425247355,2.0,15,2017-03-09 00:00:00,50,-0.05906063592078297,0.525210084034,,1.1020680566688368,-3.1019241555030774,308.6770291526467,10,1993-04-27 00:00:00,23.882191780821916
0,-0.006699807156045546,-0.010015854583534389,2.0,25,2017-03-09 00:00:00,50,-0.008735345223474404,0.550420168067,,1.1020680566688368,-0.4808110186029779,383.7193945232117,10,1993-04-27 00:00:00,23.882191780821916
0,-0.0022830410259625684,-0.0033134222039219265,0.5,5,2017-03-09 00:00:00,50,-0.005541766532778379,0.275734216773,,4.9810060840656645,-0.15280546544536033,15825.838071034463,20,1993-04-27 00:00:00,23.882191780821916
0,0.011932871132343115,0.017533345406211244,0.5,15,2017-03-09 00:00:00,50,0.017572945690862613,0.477957615396,,4.9810060840656645,0.8399123217896154,4862.295330264376,20,1993-04-27 00:00:00,23.882191780821916
0,0.009468458034748455,0.014321198043953931,0.5,25,2017-03-09 00:00:00,50,0.014573208581328979,0.487704918033,,4.9810060840656645,0.7107425496631681,4787.266497294924,20,1993-04-27 00:00:00,23.882191780821916
0,-0.0014037198430925778,-0.0020345878004568033,1.0,5,2017-03-09 00:00:00,50,-0.0035011454421046448,0.264069264069,,4.404616258705718,-0.09245449002960315,15448.784664585384,20,1993-04-27 00:00:00,23.882191780821916
0,0.013596082614294803,0.020264033667646397,1.0,15,2017-03-09 00:00:00,50,0.021193351015619012,0.463114754098,,4.404616258705718,0.9814953544118321,2463.604313915782,20,1993-04-27 00:00:00,23.882191780821916
0,0.022835911821467467,0.03490765552478461,1.0,25,2017-03-09 00:00:00,50,0.0356246915032581,0.487704918033,,4.404616258705718,1.7374337249539629,2402.6879319917202,20,1993-04-27 00:00:00,23.882191780821916
0,-0.008345969019346752,-0.011780682975944617,1.5,5,2017-03-09 00:00:00,50,-0.0196569110717407,0.264069264069,,5.11761904944894,-0.5190786040589535,5797.490849173545,20,1993-04-27 00:00:00,23.882191780821916
0,-0.003052946102062135,-0.004491377696023151,1.5,15,2017-03-09 00:00:00,50,-0.004510075807022001,0.488584474886,,5.11761904944894,-0.22035530198690756,2304.90182958453,20,1993-04-27 00:00:00,23.882191780821916
0,0.015534195274221813,0.02356220811925494,1.5,25,2017-03-09 00:00:00,50,0.02162712183306376,0.543378995434,,5.11761904944894,1.1751723735774267,2124.3121586943994,20,1993-04-27 00:00:00,23.882191780821916
0,0.012355088991810839,0.01801346736101034,2.0,5,2017-03-09 00:00:00,50,0.030079753401084756,0.264069264069,,5.695435888043288,0.7943138344009393,3648.2284948835463,20,1993-04-27 00:00:00,23.882191780821916
0,0.018713614237824066,0.02784667320481285,2.0,15,2017-03-09 00:00:00,50,0.027451830660881495,0.488584474886,,5.695435888043288,1.3412538268101182,2693.9097807986195,20,1993-04-27 00:00:00,23.882191780821916
0,0.03683301366666205,0.05664666148195623,2.0,25,2017-03-09 00:00:00,50,0.05140757027694753,0.543378995434,,5.695435888043288,2.7933793894779457,2654.8894577906435,20,1993-04-27 00:00:00,23.882191780821916
0,0.06871145298985917,0.10567787710241355,0.5,5,2017-03-09 00:00:00,50,0.18719284194354446,0.242424242424,,6.260204394225943,4.5380082895398965,123296.12767384997,30,1993-04-27 00:00:00,23.882191780821916
0,0.03402865784458576,0.05161720991690526,0.5,15,2017-03-09 00:00:00,50,0.05492427231888299,0.458874458874,,6.260204394225943,2.520334573939964,1254.478196464531,30,1993-04-27 00:00:00,23.882191780821916
0,0.10902214245661733,0.16940175446990166,0.5,25,2017-03-09 00:00:00,50,0.16514690070815533,0.484848484848,,6.260204394225943,8.007122458577044,1201.9318583607262,30,1993-04-27 00:00:00,23.882191780821916
0,0.020644215763907563,0.029986132569350128,1.0,5,2017-03-09 00:00:00,50,0.052893737063890896,0.260273972603,,4.5942866371782465,1.376686307142494,113232.5923666285,30,1993-04-27 00:00:00,23.882191780821916
0,0.03022667989896882,0.04545064262585707,1.0,15,2017-03-09 00:00:00,50,0.05126245048549636,0.429223744292,,4.5942866371782465,2.2003060938979857,1608.246153527233,30,1993-04-27 00:00:00,23.882191780821916
0,0.07593056974691906,0.11678761135635127,1.0,25,2017-03-09 00:00:00,50,0.10746422629353132,0.51598173516,,4.5942866371782465,5.544957795054417,1633.1816562642161,30,1993-04-27 00:00:00,23.882191780821916
0,0.04090320559456225,0.061931825202466304,1.5,5,2017-03-09 00:00:00,50,0.10405454084169463,0.260273972603,,5.9742050567114235,2.708268871222441,1077879.57538181,30,1993-04-27 00:00:00,23.882191780821916
0,0.08512894583798408,0.13627681809311026,1.5,15,2017-03-09 00:00:00,50,0.09501735480351743,0.683333333333,,5.9742050567114235,6.49285257824046,1075087.3104647738,30,1993-04-27 00:00:00,23.882191780821916
0,0.07645204406416299,0.11815052270808334,1.5,25,2017-03-09 00:00:00,50,0.08439340747485681,0.683333333333,,5.9742050567114235,5.766882844115306,1074792.9318897005,30,1993-04-27 00:00:00,23.882191780821916
0,0.03106054584829659,0.04875794344830206,2.0,5,2017-03-09 00:00:00,50,0.07255631991196572,0.291666666667,,6.528750498203606,2.1162259974324193,437548.48908288,30,1993-04-27 00:00:00,23.882191780821916
0,0.07448070293968927,0.1196947122790045,2.0,15,2017-03-09 00:00:00,50,0.1326898936848652,0.429223744292,,6.528750498203606,5.6953652997155935,434126.0755646369,30,1993-04-27 00:00:00,23.882191780821916
0,0.06037088671791424,0.0931064653209843,2.0,25,2017-03-09 00:00:00,50,0.08775013065692433,0.51598173516,,6.528750498203606,4.5277464676861,433848.10559717444,30,1993-04-27 00:00:00,23.882191780821916
0,-0.019506159374588966,-0.02898412767958167,0.5,5,2017-03-09 00:00:00,60,-0.07122167495997096,0.166666666667,,3.525440047934625,-1.1870279159994723,16944.070978239888,10,1993-05-11 00:00:00,23.843835616438355
0,-0.02759951297979192,-0.04015092308713935,0.5,15,2017-03-09 00:00:00,60,-0.03736340291307656,0.48828125,,3.525440047934625,-1.824384907864962,514.3284723809925,10,1993-05-11 00:00:00,23.843835616438355
0,0.0005912476238778908,0.0008998243107139758,0.5,25,2017-03-09 00:00:00,60,0.0008186888932833603,0.51171875,,3.525440047934625,0.04189384571098298,407.3373151631551,10,1993-05-11 00:00:00,23.843835616438355
0,-0.015130390843336115,-0.022458935734096824,1.0,5,2017-03-09 00:00:00,60,-0.058685106719776475,0.156985871272,,3.31742756928719,-0.9212732609069629,2121.8114230619612,10,1993-05-11 00:00:00,23.843835616438355
0,-0.027444945086756017,-0.039950725251691056,1.0,15,2017-03-09 00:00:00,60,-0.03693011233596219,0.48828125,,3.31742756928719,-1.8032281414043005,468.36344742673145,10,1993-05-11 00:00:00,23.843835616438355
0,0.006873405950422586,0.010464213559512667,1.0,25,2017-03-09 00:00:00,60,0.009449378342252597,0.51171875,,3.31742756928719,0.48354240735744014,380.3641292680705,10,1993-05-11 00:00:00,23.843835616438355
0,-0.012323169993363478,-0.018299546842997266,1.5,5,2017-03-09 00:00:00,60,-0.046974009032330365,0.156985871272,,3.210991522637907,-0.7374255735059343,1981.7815341244238,10,1993-05-11 00:00:00,23.843835616438355
0,-0.028492662719669482,-0.04137353287441798,1.5,15,2017-03-09 00:00:00,60,-0.03816668352458183,0.48828125,,3.210991522637907,-1.8636075939736152,278.5191819616169,10,1993-05-11 00:00:00,23.843835616438355
0,-0.0006660643077503707,-0.0010125727936585033,1.5,25,2017-03-09 00:00:00,60,-0.0009140511195475703,0.51171875,,3.210991522637907,-0.04677370963309668,331.6022604283028,10,1993-05-11 00:00:00,23.843835616438355
0,-0.015984362372719805,-0.023615593135273748,2.0,5,2017-03-09 00:00:00,60,-0.051880832486875625,0.180942622951,,3.737283212793452,-0.9387453911047561,1885.0815656796115,10,1993-05-11 00:00:00,23.843835616438355
0,-0.04208733253596694,-0.06130231108466256,2.0,15,2017-03-09 00:00:00,60,-0.0566810471189902,0.48828125,,3.737283212793452,-2.767629253856785,271.3223254479066,10,1993-05-11 00:00:00,23.843835616438355
0,-0.010970128627149401,-0.01666486159654532,2.0,25,2017-03-09 00:00:00,60,-0.015050188563156625,0.51171875,,3.737283212793452,-0.7701463678802534,321.7181284158431,10,1993-05-11 00:00:00,23.843835616438355
0,-0.02513564158116233,-0.03531467210885705,0.5,5,2017-03-09 00:00:00,60,-0.06852019726699451,0.242424242424,,4.9275600130589625,-1.6610956913208685,32198.089628796184,20,1993-05-11 00:00:00,23.843835616438355
0,-0.015479938964250862,-0.022974357564545436,0.5,15,2017-03-09 00:00:00,60,-0.024836347874380632,0.458874458874,,4.9275600130589625,-1.139676569127368,2100.6861612111516,20,1993-05-11 00:00:00,23.843835616438355
0,0.025677136932771343,0.04007885394077769,0.5,25,2017-03-09 00:00:00,60,0.038938672803285626,0.484848484848,,4.9275600130589625,1.887935651068351,1513.705324806654,20,1993-05-11 00:00:00,23.843835616438355
0,-0.01822344846118013,-0.025922189805752567,1.0,5,2017-03-09 00:00:00,60,-0.04964859821767744,0.242424242424,,5.594692236860355,-1.203602381034452,33360.347811432905,20,1993-05-11 00:00:00,23.843835616438355
0,-0.006478538510378453,-0.00968881557897078,1.0,15,2017-03-09 00:00:00,60,-0.010366653120787737,0.458874458874,,5.594692236860355,-0.47569923411404647,2155.4587754466024,20,1993-05-11 00:00:00,23.843835616438355
0,0.029859177545240003,0.0468449203442887,1.0,25,2017-03-09 00:00:00,60,0.04530248861552399,0.484848484848,,5.594692236860355,2.196484296510204,1543.7756980451504,20,1993-05-11 00:00:00,23.843835616438355
0,-0.030360386167777125,-0.041425860840684434,1.5,5,2017-03-09 00:00:00,60,-0.08044912118004437,0.242424242424,,5.468167650286393,-1.9502817255765859,22341.483147944968,20,1993-05-11 00:00:00,23.843835616438355
0,-0.014301107763556822,-0.020735453839787144,1.5,15,2017-03-09 00:00:00,60,-0.022246597544172436,0.458874458874,,5.468167650286393,-1.02083954098795,983.8523583565016,20,1993-05-11 00:00:00,23.843835616438355
0,0.023836016747859574,0.036647400820037236,1.5,25,2017-03-09 00:00:00,60,0.035531362472006604,0.484848484848,,5.468167650286393,1.7227327259154324,264.0909596914557,20,1993-05-11 00:00:00,23.843835616438355
0,-0.02162918514319949,-0.030248508196985675,2.0,5,2017-03-09 00:00:00,60,-0.05817536901322049,0.242424242424,,5.736507490444609,-1.4103119760778937,424573.7007898088,20,1993-05-11 00:00:00,23.843835616438355
0,0.00943016110578576,0.01406519996722694,2.0,15,2017-03-09 00:00:00,60,0.011728087638915509,0.587037037037,,5.736507490444609,0.6884821817659814,2611.566337863622,20,1993-05-11 00:00:00,23.843835616438355
0,0.03186137591240269,0.049435349498904345,2.0,25,2017-03-09 00:00:00,60,0.03993446408671887,0.587037037037,,5.736507490444609,2.344300947312994,1926.261654181456,20,1993-05-11 00:00:00,23.843835616438355
0,-0.02253557870328844,-0.031003436799669142,0.5,5,2017-03-09 00:00:00,60,-0.044104187640505166,0.345,,5.609501064672884,-1.5215944735973763,30657.21511631411,30,1993-05-11 00:00:00,23.843835616438355
0,-0.01434319265634539,-0.020977482604150246,0.5,15,2017-03-09 00:00:00,60,-0.028493605100328473,0.375,,5.609501064672884,-1.0685101912623174,2494.6966459531623,30,1993-05-11 00:00:00,23.843835616438355
0,-0.01290682389836931,-0.018980480658038406,0.5,25,2017-03-09 00:00:00,60,-0.019875040057233125,0.486685714286,,5.609501064672884,-0.9672898066712232,726.9930042180196,30,1993-05-11 00:00:00,23.843835616438355
0,-0.029293083676541473,-0.03989754424676956,1.0,5,2017-03-09 00:00:00,60,-0.059486790829174775,0.345,,6.59454877261707,-2.0522942836064595,32175839.14972393,30,1993-05-11 00:00:00,23.843835616438355
0,0.015698924568138616,0.02341675122875259,1.0,15,2017-03-09 00:00:00,60,0.027394790950599594,0.435319927336,,6.59454877261707,1.192549840599555,32149210.668870203,30,1993-05-11 00:00:00,23.843835616438355
0,0.019169872451012326,0.028615994389397263,1.0,25,2017-03-09 00:00:00,60,0.030125654339578232,0.486685714286,,6.59454877261707,1.4661725600582987,32147570.486627966,30,1993-05-11 00:00:00,23.843835616438355
0,0.00040438194904546964,0.0005715518908965224,1.5,5,2017-03-09 00:00:00,60,0.0009548127984048573,0.276243093923,,7.415184037807143,0.02637604415482997,28763977.97882353,30,1993-05-11 00:00:00,23.843835616438355
0,0.013919150073595116,0.020761946946795656,1.5,15,2017-03-09 00:00:00,60,0.02859490329966848,0.363636363636,,7.415184037807143,1.0398146654424956,28739175.46540001,30,1993-05-11 00:00:00,23.843835616438355
0,0.011939467271614452,0.017837881472736582,1.5,25,2017-03-09 00:00:00,60,0.018514226141923162,0.486685714286,,7.415184037807143,0.9010609374329626,28738611.12342552,30,1993-05-11 00:00:00,23.843835616438355
0,-0.022144552568884045,-0.030677952229906366,2.0,5,2017-03-09 00:00:00,60,-0.05349832255197463,0.276243093923,,7.79488714543235,-1.4778542141429263,28763743.338637993,30,1993-05-11 00:00:00,23.843835616438355
0,0.014028352313752762,0.02157033853121176,2.0,15,2017-03-09 00:00:00,60,0.029975843088097875,0.363636363636,,7.79488714543235,1.0900306577490193,28739403.1739145,30,1993-05-11 00:00:00,23.843835616438355
0,0.007077717942486882,0.010550739978673314,2.0,25,2017-03-09 00:00:00,60,0.01101055986439151,0.486685714286,,7.79488714543235,0.5358682192287301,28738309.91383205,30,1993-05-11 00:00:00,23.843835616438355
0,0.021583620306824383,0.03510872201048017,0.5,5,2017-03-09 00:00:00,70,0.07409339252741028,0.186489846664,,4.509202969472947,1.3817665411244962,4655.169996105247,10,1993-05-25 00:00:00,23.805479452054794
0,-0.002801692915510531,-0.00420084155366918,0.5,15,2017-03-09 00:00:00,70,-0.004149413643369129,0.463114754098,,4.509202969472947,-0.19216546791012146,321.69325576096554,10,1993-05-25 00:00:00,23.805479452054794
0,-0.036904595084047954,-0.05565393129806645,0.5,25,2017-03-09 00:00:00,70,-0.05537026603538539,0.487704918033,,4.509202969472947,-2.700435105824095,229.95443234794482,10,1993-05-25 00:00:00,23.805479452054794
0,0.03874131148132262,0.06428252497073753,1.0,5,2017-03-09 00:00:00,70,0.13224326792031876,0.186489846664,,5.125100967685459,2.466202675679341,4878.427774447033,10,1993-05-25 00:00:00,23.805479452054794
0,-0.0018245003922014236,-0.002741717075961436,1.0,15,2017-03-09 00:00:00,70,-0.0027089031351073085,0.463114754098,,5.125100967685459,-0.12545330092914586,339.5887902751261,10,1993-05-25 00:00:00,23.805479452054794
0,-0.03482287121871324,-0.05259592920528437,1.0,25,2017-03-09 00:00:00,70,-0.05221992794606477,0.487704918033,,5.125100967685459,-2.5467915678613284,239.47051456866748,10,1993-05-25 00:00:00,23.805479452054794
0,0.03444389382788337,0.05600392968035287,1.5,5,2017-03-09 00:00:00,70,0.12203468587365242,0.186489846664,,5.520316570057404,2.2758229856254752,4776.265480404558,10,1993-05-25 00:00:00,23.805479452054794
0,0.010334111388137642,0.01568245662525807,1.5,15,2017-03-09 00:00:00,70,0.015798612464189517,0.463114754098,,5.520316570057404,0.7316570526448185,372.95621512231094,10,1993-05-25 00:00:00,23.805479452054794
0,-0.021696288361789114,-0.03291020065459017,1.5,25,2017-03-09 00:00:00,70,-0.03250593145556833,0.487704918033,,5.520316570057404,-1.5853302636117172,290.0011678896107,10,1993-05-25 00:00:00,23.805479452054794
0,0.010391711209704677,0.015497985969309437,2.0,5,2017-03-09 00:00:00,70,0.03828118803070215,0.175393784589,,4.340856370807544,0.6714282447276343,3576.643284789084,10,1993-05-25 00:00:00,23.805479452054794
0,-0.02475858491436895,-0.03639154563487204,2.0,15,2017-03-09 00:00:00,70,-0.03705162404208529,0.463114754098,,4.340856370807544,-1.7159153757194678,487.2058991250997,10,1993-05-25 00:00:00,23.805479452054794
0,-0.04251213849395775,-0.06344566486150369,2.0,25,2017-03-09 00:00:00,70,-0.06302888690197377,0.487704918033,,4.340856370807544,-3.0739498120224584,437.05199415863484,10,1993-05-25 00:00:00,23.805479452054794
0,-0.0029551952880595153,-0.004214477579054007,0.5,5,2017-03-09 00:00:00,70,-0.007870521933428933,0.260273972603,,5.26950060790945,-0.2048492010070735,147987.53676799455,20,1993-05-25 00:00:00,23.805479452054794
0,-0.026026981501652224,-0.037620843702808944,0.5,15,2017-03-09 00:00:00,70,-0.042968154249731175,0.429223744292,,5.26950060790945,-1.8442952052395767,294.77558847745775,20,1993-05-25 00:00:00,23.805479452054794
0,-0.0011850572755360569,-0.0017876410702653495,0.5,25,2017-03-09 00:00:00,70,-0.0017006257233158225,0.51598173516,,5.26950060790945,-0.08774918115739272,256.53055435146393,20,1993-05-25 00:00:00,23.805479452054794
0,-0.022947301325376715,-0.031841710189862614,1.0,5,2017-03-09 00:00:00,70,-0.06062663541660239,0.260273972603,,5.146453309863874,-1.577953524541853,139760.18482217213,20,1993-05-25 00:00:00,23.805479452054794
0,-0.014653057872336634,-0.02158771344554376,1.0,15,2017-03-09 00:00:00,70,-0.025104324497537495,0.429223744292,,5.146453309863874,-1.0775372158760232,1557.817499463737,20,1993-05-25 00:00:00,23.805479452054794
0,0.022336605143093085,0.034340410361624586,1.0,25,2017-03-09 00:00:00,70,0.03257604903311832,0.51598173516,,5.146453309863874,1.6808646304759867,1426.708328385649,20,1993-05-25 00:00:00,23.805479452054794
0,-0.02658640260666555,-0.03695988206711646,1.5,5,2017-03-09 00:00:00,70,-0.06864140231897697,0.264150943396,,5.380895709634004,-1.8131691178595255,139753.5341751026,20,1993-05-25 00:00:00,23.805479452054794
0,-0.011252996525281783,-0.016606667359022234,1.5,15,2017-03-09 00:00:00,70,-0.02013272660804022,0.410377358491,,5.380895709634004,-0.8262015164619885,1558.1055788300127,20,1993-05-25 00:00:00,23.805479452054794
0,0.02298894588176722,0.03537983148088834,1.5,25,2017-03-09 00:00:00,70,0.034530318667482726,0.5,,5.380895709634004,1.7265159333741176,1427.0421980821707,20,1993-05-25 00:00:00,23.805479452054794
0,-0.04560456663165038,-0.06187892044139323,2.0,5,2017-03-09 00:00:00,70,-0.11971532532134273,0.264150943396,,6.284149370772907,-3.1622916122614586,8061.26133308223,20,1993-05-25 00:00:00,23.805479452054794
0,-0.014385030863735843,-0.02103690322926861,2.0,15,2017-03-09 00:00:00,70,-0.025552245300871284,0.410377358491,,6.284149370772907,-1.0486062930074036,416.8708538442999,20,1993-05-25 00:00:00,23.805479452054794
0,0.004952573758961154,0.007501623758396064,2.0,25,2017-03-09 00:00:00,70,0.007320942125310283,0.5,,6.284149370772907,0.3660471062655102,282.96151578993204,20,1993-05-25 00:00:00,23.805479452054794
0,-0.03652122788332534,-0.04979262632606775,0.5,5,2017-03-09 00:00:00,70,-0.0924229513645542,0.282442748092,,4.274685810304346,-2.6104192370135837,3310.7515926478413,30,1993-05-25 00:00:00,23.805479452054794
0,0.0391218386026616,0.06357250766905366,0.5,15,2017-03-09 00:00:00,70,0.07941136916271803,0.369505488665,,4.274685810304346,2.934293676800759,2036.448704230556,30,1993-05-25 00:00:00,23.805479452054794
0,0.041690189532484885,0.06371929145368793,0.5,25,2017-03-09 00:00:00,70,0.0475955429278315,0.664122137405,,4.274685810304346,3.160925370016021,845.1063569321018,30,1993-05-25 00:00:00,23.805479452054794
0,-0.029457104198766074,-0.040778948777118976,1.0,5,2017-03-09 00:00:00,70,-0.07675461002396902,0.282442748092,,4.3886027489649315,-2.167878298386461,2950.305629484121,30,1993-05-25 00:00:00,23.805479452054794
0,0.026743337085488664,0.04292457617690675,1.0,15,2017-03-09 00:00:00,70,0.045034329644574614,0.445395210129,,4.3886027489649315,2.005807471505028,1851.9330006965497,30,1993-05-25 00:00:00,23.805479452054794
0,0.06799136332659969,0.10556420020421216,1.0,25,2017-03-09 00:00:00,70,0.07757609720561569,0.664122137405,,4.3886027489649315,5.152000348769459,894.3762188367853,30,1993-05-25 00:00:00,23.805479452054794
0,-0.017128598057242077,-0.02431144336065137,1.5,5,2017-03-09 00:00:00,70,-0.04387824200597589,0.282442748092,,6.594354639048605,-1.2393091253593669,5736.391405895684,30,1993-05-25 00:00:00,23.805479452054794
0,0.04080481444555037,0.06648758304826621,1.5,15,2017-03-09 00:00:00,70,0.06401419447190478,0.472698178644,,6.594354639048605,3.025939313422654,7295.014586993493,30,1993-05-25 00:00:00,23.805479452054794
0,0.08136637532274701,0.12708289602386352,1.5,25,2017-03-09 00:00:00,70,0.09210089198316714,0.664122137405,,6.594354639048605,6.116624124072412,1105.3300063326103,30,1993-05-25 00:00:00,23.805479452054794
0,-0.009932651536129905,-0.014401353555070877,2.0,5,2017-03-09 00:00:00,70,-0.023923834843167128,0.282442748092,,7.734030977616646,-0.6757113657992364,6050.983493157706,30,1993-05-25 00:00:00,23.805479452054794
0,0.062446605826119495,0.10392156583005417,2.0,15,2017-03-09 00:00:00,70,0.1049503174885061,0.435319927336,,7.734030977616646,4.568696458296984,7425.611478808517,30,1993-05-25 00:00:00,23.805479452054794
0,0.10490764789656014,0.1658829744744344,2.0,25,2017-03-09 00:00:00,70,0.11733025253257431,0.664122137405,,7.734030977616646,7.792161809414577,1022.6975933665706,30,1993-05-25 00:00:00,23.805479452054794
0,0.07003429434126603,0.1272349352418054,0.5,5,2017-03-09 00:00:00,80,0.2730239525323069,0.166666666667,,5.15285370502101,4.550399208871614,7930.199579566427,10,1993-06-09 00:00:00,23.764383561643836
0,0.05017975307776186,0.07737846531620914,0.5,15,2017-03-09 00:00:00,80,0.07126205012776633,0.488584474886,,5.15285370502101,3.481753134096155,640.0413076571014,10,1993-06-09 00:00:00,23.764383561643836
0,0.013063924707678228,0.02005899616753266,0.5,25,2017-03-09 00:00:00,80,0.017994764808074215,0.543378995434,,5.15285370502101,0.9777977224478596,236.89478522847867,10,1993-06-09 00:00:00,23.764383561643836
0,0.07836881140063354,0.14438109197536256,1.0,5,2017-03-09 00:00:00,80,0.3064625181535969,0.166666666667,,5.402456592026872,5.107708635893093,6015.991186180848,10,1993-06-09 00:00:00,23.764383561643836
0,0.06143300145251999,0.09527511264747425,1.0,15,2017-03-09 00:00:00,80,0.08786129393050535,0.488584474886,,5.402456592026872,4.292766415782445,660.7532501468619,10,1993-06-09 00:00:00,23.764383561643836
0,0.018772390478748412,0.028892167779796456,1.0,25,2017-03-09 00:00:00,80,0.02606525724299873,0.543378995434,,5.402456592026872,1.416331329642384,249.8053808140368,10,1993-06-09 00:00:00,23.764383561643836
0,0.07182935651130842,0.13118696761415746,1.5,5,2017-03-09 00:00:00,80,0.27617036838304093,0.166666666667,,5.635209966261501,4.602839473050513,4122.934628919852,10,1993-06-09 00:00:00,23.764383561643836
0,0.04752965587078421,0.07355288521947523,1.5,15,2017-03-09 00:00:00,80,0.06704075568550513,0.488584474886,,5.635209966261501,3.2755072412550934,613.9669746742139,10,1993-06-09 00:00:00,23.764383561643836
0,0.016728991562965825,0.025730732938969398,1.5,25,2017-03-09 00:00:00,80,0.023006925796207372,0.543378995434,,5.635209966261501,1.2501480227162798,254.75954872919093,10,1993-06-09 00:00:00,23.764383561643836
0,0.07695998571498766,0.14316827205101829,2.0,5,2017-03-09 00:00:00,80,0.2980221150757755,0.166666666667,,5.997069610242156,4.967035251262741,23157.76145273241,10,1993-06-09 00:00:00,23.764383561643836
0,0.04821400852423075,0.07472983839085322,2.0,15,2017-03-09 00:00:00,80,0.06797430190437213,0.488584474886,,5.997069610242156,3.321118860167771,600.361894740705,10,1993-06-09 00:00:00,23.764383561643836
0,0.008516473317387733,0.013084413155846028,2.0,25,2017-03-09 00:00:00,80,0.011695677288942262,0.543378995434,,5.997069610242156,0.6355185376183181,267.35037129749014,10,1993-06-09 00:00:00,23.764383561643836
0,-0.03414222401656748,-0.045153722767937006,0.5,5,2017-03-09 00:00:00,80,-0.0715362655666998,0.345,,4.379041971021902,-2.468001162051059,6415.96295911082,20,1993-06-09 00:00:00,23.764383561643836
0,0.022876494593286462,0.0347307331436702,0.5,15,2017-03-09 00:00:00,80,0.04659126178309297,0.375,,4.379041971021902,1.7471723168659858,344.3267058190024,20,1993-06-09 00:00:00,23.764383561643836
0,0.06047555556651878,0.09337087595487463,0.5,25,2017-03-09 00:00:00,80,0.09860364929674577,0.47,,4.379041971021902,4.634371516947167,528.4341669076106,20,1993-06-09 00:00:00,23.764383561643836
0,-0.019882185994907615,-0.02776801960605986,1.0,5,2017-03-09 00:00:00,80,-0.05166764004545341,0.276243093923,,6.161585066497288,-1.4272828741837773,1235.1318924310347,20,1993-06-09 00:00:00,23.764383561643836
0,0.011209034190293224,0.016987316172479554,1.0,15,2017-03-09 00:00:00,80,0.02747394499972479,0.310476190476,,6.161585066497288,0.8530005780867267,290.16980697411924,20,1993-06-09 00:00:00,23.764383561643836
0,0.0673400197391441,0.10503075943934552,1.0,25,2017-03-09 00:00:00,80,0.11431896588056303,0.447513812155,,6.161585066497288,5.115931622279568,552.6637050702541,20,1993-06-09 00:00:00,23.764383561643836
0,-0.026210555769049328,-0.03625341891256335,1.5,5,2017-03-09 00:00:00,80,-0.0677080710323847,0.276243093923,,6.790275899072928,-1.8703887025520394,1022.4472233019475,20,1993-06-09 00:00:00,23.764383561643836
0,0.01199481708380752,0.01815828270776411,1.5,15,2017-03-09 00:00:00,80,0.02937134623310333,0.310476190476,,6.790275899072928,0.9119103687611485,295.2925964761029,20,1993-06-09 00:00:00,23.764383561643836
0,0.07935541442315926,0.12440958016101174,1.5,25,2017-03-09 00:00:00,80,0.13490542564912106,0.447513812155,,6.790275899072928,6.037204131259277,547.1883314264393,20,1993-06-09 00:00:00,23.764383561643836
0,-0.025729386367558574,-0.03696828174743692,2.0,5,2017-03-09 00:00:00,80,-0.06726793346798138,0.291666666667,,7.014196212538271,-1.9619813928162033,40449846.41751734,20,1993-06-09 00:00:00,23.764383561643836
0,0.01681740480915255,0.02595884625793663,2.0,15,2017-03-09 00:00:00,80,0.03959611830828362,0.328703703704,,7.014196212538271,1.3015390740223731,40449716.36603855,20,1993-06-09 00:00:00,23.764383561643836
0,0.08957434091391767,0.14224001727011065,2.0,25,2017-03-09 00:00:00,80,0.1540532411892123,0.447513812155,,7.014196212538271,6.8940953239374325,40449957.61237947,20,1993-06-09 00:00:00,23.764383561643836
0,0.03825446292975751,0.05982492748500795,0.5,5,2017-03-09 00:00:00,80,0.11159175012656664,0.204029511918,,6.862233263647544,2.276801031243081,10961.03349856311,30,1993-06-09 00:00:00,23.764383561643836
0,0.06782311631353802,0.1115064972866695,0.5,15,2017-03-09 00:00:00,80,0.130217498188505,0.382194244604,,6.862233263647544,4.976837835442227,3875.9130385240896,30,1993-06-09 00:00:00,23.764383561643836
0,0.09298466590752358,0.1470113770144771,0.5,25,2017-03-09 00:00:00,80,0.15074126144590982,0.448,,6.862233263647544,6.753208512777187,473.34416459185826,30,1993-06-09 00:00:00,23.764383561643836
0,0.024251078304636322,0.03625203255780533,1.0,5,2017-03-09 00:00:00,80,0.06669632301054766,0.204029511918,,5.65851169494751,1.3608018230586438,6646.413421182784,30,1993-06-09 00:00:00,23.764383561643836
0,0.05245366421823154,0.08470962248942496,1.0,15,2017-03-09 00:00:00,80,0.09845741339666339,0.382194244604,,5.65851169494751,3.7629856738834677,3491.7364848008297,30,1993-06-09 00:00:00,23.764383561643836
0,0.08277249398337877,0.12984388449508627,1.0,25,2017-03-09 00:00:00,80,0.13154018095769482,0.448,,5.65851169494751,5.8930001069051,498.69038054703276,30,1993-06-09 00:00:00,23.764383561643836
0,0.011748815652558222,0.016761378780342655,1.5,5,2017-03-09 00:00:00,80,0.033833703786900024,0.204029511918,,4.339306413412647,0.6903074070029103,5962.785317568626,30,1993-06-09 00:00:00,23.764383561643836
0,0.04224269208280798,0.06809721034478887,1.5,15,2017-03-09 00:00:00,80,0.08249966019698379,0.382194244604,,4.339306413412647,3.1530895309100693,3237.5522964307224,30,1993-06-09 00:00:00,23.764383561643836
0,0.0741561914870323,0.11653474894852763,1.5,25,2017-03-09 00:00:00,80,0.12192949006070831,0.448,,4.339306413412647,5.462441154720077,425.0306270493809,30,1993-06-09 00:00:00,23.764383561643836
0,-0.0017442739867040962,-0.0024160323854066925,2.0,5,2017-03-09 00:00:00,80,-0.00481160348547146,0.204029511918,,3.65455839235036,-0.09817091106850695,2111.6348175015974,30,1993-06-09 00:00:00,23.764383561643836
0,0.028657848181660315,0.045717853088757796,2.0,15,2017-03-09 00:00:00,80,0.05597660930618002,0.382194244604,,3.65455839235036,2.1393937909287564,3177.7917441983327,30,1993-06-09 00:00:00,23.764383561643836
0,0.07641132562266778,0.12005205771590585,2.0,25,2017-03-09 00:00:00,80,0.12540087448408854,0.448,,3.65455839235036,5.6179591768875214,430.23878258441874,30,1993-06-09 00:00:00,23.764383561643836
0,0.021210031372091626,0.03632307398245,0.5,5,2017-03-09 00:00:00,90,0.055977667164289785,0.239495798319,,1.944823193623968,1.340641608556381,94194.73267196988,10,1993-06-23 00:00:00,23.726027397260275
0,-0.017714485428356463,-0.02604625104283339,0.5,15,2017-03-09 00:00:00,90,-0.026492189666229415,0.474789915966,,1.944823193623968,-1.2578224505394364,668.9774218286814,10,1993-06-23 00:00:00,23.726027397260275
0,0.041688971763279896,0.06449141867803479,0.5,25,2017-03-09 00:00:00,90,0.06182775680306829,0.5,,1.944823193623968,3.0913878401534145,440.2004563831957,10,1993-06-23 00:00:00,23.726027397260275
0,0.03397065147119894,0.058809544602418766,1.0,5,2017-03-09 00:00:00,90,0.08956715767522462,0.239495798319,,1.561838790332093,2.1450957930618797,92551.72023881899,10,1993-06-23 00:00:00,23.726027397260275
0,-0.016865500104828325,-0.02480007360161077,1.0,15,2017-03-09 00:00:00,90,-0.025185867666267795,0.474789915966,,1.561838790332093,-1.1957995992807557,664.2755566441789,10,1993-06-23 00:00:00,23.726027397260275
0,0.03505216179376672,0.054157896293953026,1.0,25,2017-03-09 00:00:00,90,0.05194849272101365,0.5,,1.561838790332093,2.5974246360506825,437.44723514984673,10,1993-06-23 00:00:00,23.726027397260275
0,0.03889911628984326,0.06831582864903868,1.5,5,2017-03-09 00:00:00,90,0.10146928678815322,0.239495798319,,3.0125443751643832,2.430146784421905,95000.93289900772,10,1993-06-23 00:00:00,23.726027397260275
0,-0.011307671379902861,-0.016689386278038492,1.5,15,2017-03-09 00:00:00,90,-0.016830163993001048,0.474789915966,,3.0125443751643832,-0.7990792147937298,672.9294546741136,10,1993-06-23 00:00:00,23.726027397260275
0,0.04629556673649079,0.0719811999570145,1.5,25,2017-03-09 00:00:00,90,0.06874544452924347,0.5,,3.0125443751643832,3.4372722264621736,449.5327869733725,10,1993-06-23 00:00:00,23.726027397260275
0,0.02247877707902967,0.03761787339493182,2.0,5,2017-03-09 00:00:00,90,0.060760324310158605,0.239495798319,,3.1854480924401685,1.4551842376801183,36647.30755256716,10,1993-06-23 00:00:00,23.726027397260275
0,-0.009175415042105225,-0.013538261438961089,2.0,15,2017-03-09 00:00:00,90,-0.013713833184827393,0.474789915966,,3.1854480924401685,-0.6511189705401099,436.4640725306428,10,1993-06-23 00:00:00,23.726027397260275
0,0.04985227933866191,0.07757266625320569,2.0,25,2017-03-09 00:00:00,90,0.07420323660463257,0.5,,3.1854480924401685,3.7101618302316286,486.78180564762033,10,1993-06-23 00:00:00,23.726027397260275
0,0.03455425576588961,0.05408373751038894,0.5,5,2017-03-09 00:00:00,90,0.1336768248742003,0.160256410256,,5.630617998106779,2.142256808881382,328.9089967852078,20,1993-06-23 00:00:00,23.726027397260275
0,0.04734869117707576,0.07553477179422302,0.5,15,2017-03-09 00:00:00,90,0.09678385226390682,0.35594639866,,5.630617998106779,3.4449863661778712,2365.6392903846963,20,1993-06-23 00:00:00,23.726027397260275
0,0.09698149976393698,0.15251487170169623,0.5,25,2017-03-09 00:00:00,90,0.1559622509241282,0.435897435897,,5.630617998106779,6.798354527461425,1318.160178658218,20,1993-06-23 00:00:00,23.726027397260275
0,0.015823986224600142,0.02220336890102895,1.0,5,2017-03-09 00:00:00,90,0.04201939773662039,0.237179487179,,4.2585584781729136,0.9966139206760483,311.5129737142603,20,1993-06-23 00:00:00,23.726027397260275
0,0.03168175228190261,0.04944535769481612,1.0,15,2017-03-09 00:00:00,90,0.06451698234671983,0.358974358974,,4.2585584781729136,2.315994238087149,2055.0127322892063,20,1993-06-23 00:00:00,23.726027397260275
0,0.10211453531791176,0.1597141481853586,1.0,25,2017-03-09 00:00:00,90,0.13268838354998017,0.557692307692,,4.2585584781729136,7.399929082594436,1281.8923215951324,20,1993-06-23 00:00:00,23.726027397260275
0,0.006602992338792776,0.009058436689798662,1.5,5,2017-03-09 00:00:00,90,0.017016440228866628,0.237179487179,,3.835247989042667,0.40359505671021534,328.97494680130256,20,1993-06-23 00:00:00,23.726027397260275
0,0.004483125138367532,0.00690332214346522,1.5,15,2017-03-09 00:00:00,90,0.009131970794538853,0.358974358974,,3.835247989042667,0.32781433621418277,2004.1774043859273,20,1993-06-23 00:00:00,23.726027397260275
0,0.07381849857743061,0.11424512975091149,1.5,25,2017-03-09 00:00:00,90,0.0956921967764233,0.557692307692,,3.835247989042667,5.336680204838551,1279.0269129952317,20,1993-06-23 00:00:00,23.726027397260275
0,0.008362617581679244,0.011490437781237116,2.0,5,2017-03-09 00:00:00,90,0.021557244961544524,0.237179487179,,4.039017704514203,0.5112936304980664,310.61884407168577,20,1993-06-23 00:00:00,23.726027397260275
0,0.008030241006064417,0.012370911181608685,2.0,15,2017-03-09 00:00:00,90,0.01636063934265104,0.358974358974,,4.039017704514203,0.5873050020438253,1967.0977350204548,20,1993-06-23 00:00:00,23.726027397260275
0,0.06783745099327282,0.10481319118338918,2.0,25,2017-03-09 00:00:00,90,0.0880597366161645,0.557692307692,,4.039017704514203,4.911023772824152,1247.7183836635825,20,1993-06-23 00:00:00,23.726027397260275
0,0.008536554104960455,0.013341455125420992,0.5,5,2017-03-09 00:00:00,90,0.028170051426250543,0.190008663009,,6.207336835231092,0.5352553808395832,559383.7445140086,30,1993-06-23 00:00:00,23.726027397260275
0,0.04412117513875688,0.07256384939341684,0.5,15,2017-03-09 00:00:00,90,0.0979715643615179,0.326923076923,,6.207336835231092,3.202916527203592,25894.712534427,30,1993-06-23 00:00:00,23.726027397260275
0,0.05824487397465756,0.09105095830586628,0.5,25,2017-03-09 00:00:00,90,0.05097882860513255,0.795013850416,,6.207336835231092,4.0528874819038885,356.7174535100281,30,1993-06-23 00:00:00,23.726027397260275
0,0.018386071229499205,0.029542648833051438,1.0,5,2017-03-09 00:00:00,90,0.05836961306440151,0.190008663009,,7.4918093067883,1.1090732138717918,531806.4268802099,30,1993-06-23 00:00:00,23.726027397260275
0,0.05501379902972123,0.09017816997880886,1.0,15,2017-03-09 00:00:00,90,0.12191028020076898,0.326923076923,,7.4918093067883,3.9855283911791384,24686.202679099188,30,1993-06-23 00:00:00,23.726027397260275
0,0.06675393063938034,0.10492568994251171,1.0,25,2017-03-09 00:00:00,90,0.05819808059321736,0.795013850416,,7.4918093067883,4.626828013920603,425.50595120278257,30,1993-06-23 00:00:00,23.726027397260275
0,0.0029417312677031877,0.004430235301389294,1.5,5,2017-03-09 00:00:00,90,0.009980672491285836,0.171344165436,,6.270539996373459,0.17101299985069485,494168.2965743833,30,1993-06-23 00:00:00,23.726027397260275
0,0.050875234148843686,0.08253485085063603,1.5,15,2017-03-09 00:00:00,90,0.11049297542209789,0.326923076923,,6.270539996373459,3.612270350337954,22833.018878961368,30,1993-06-23 00:00:00,23.726027397260275
0,0.058944322573646304,0.09182587246898738,1.5,25,2017-03-09 00:00:00,90,0.050591667924329634,0.795013850416,,6.270539996373459,4.022107671546427,368.6537971184924,30,1993-06-23 00:00:00,23.726027397260275
0,0.03300696075646772,0.05383227587694916,2.0,5,2017-03-09 00:00:00,90,0.11242055100077179,0.168956043956,,6.473317016168867,1.8994131556448801,546434.0828857934,30,1993-06-23 00:00:00,23.726027397260275
0,0.062300130224096195,0.10309744176131197,2.0,15,2017-03-09 00:00:00,90,0.13506902629102926,0.326923076923,,6.473317016168867,4.415718167206895,25215.337568184368,30,1993-06-23 00:00:00,23.726027397260275
0,0.0589356243342027,0.09242816493340361,2.0,25,2017-03-09 00:00:00,90,0.05061307141322294,0.795013850416,,6.473317016168867,4.023809278558166,377.41825073650216,30,1993-06-23 00:00:00,23.726027397260275
0,0.011012327537579568,0.017216857195223683,0.5,5,2017-03-09 00:00:00,100,0.02870723497348233,0.264150943396,,2.8258458180074886,0.7583043200541484,84869.3511559784,10,1993-07-08 00:00:00,23.684931506849313
0,0.039903664447689786,0.05973592905066769,0.5,15,2017-03-09 00:00:00,100,0.07068129893644652,0.410377358491,,2.8258458180074886,2.9006004752219594,610.976329032351,10,1993-07-08 00:00:00,23.684931506849313
0,0.06142456324344397,0.09276797015209572,0.5,25,2017-03-09 00:00:00,100,0.08829610818495487,0.513911620295,,2.8258458180074886,4.5376396023037335,288.2541031311582,10,1993-07-08 00:00:00,23.684931506849313
0,0.006657072720885452,0.010388977734428623,1.0,5,2017-03-09 00:00:00,100,0.017453075528621072,0.264150943396,,2.8198247109531893,0.461024636605023,84882.20085315513,10,1993-07-08 00:00:00,23.684931506849313
0,0.051140412114933476,0.07692164777389858,1.0,15,2017-03-09 00:00:00,100,0.09043538908945785,0.410377358491,,2.8198247109531893,3.7112636088596496,620.7513266374332,10,1993-07-08 00:00:00,23.684931506849313
0,0.06032820620846856,0.09103517069273778,1.0,25,2017-03-09 00:00:00,100,0.08643815314197854,0.513911620295,,2.8198247109531893,4.442157133646685,289.17928692407486,10,1993-07-08 00:00:00,23.684931506849313
0,0.007343269547137454,0.011341865787430247,1.5,5,2017-03-09 00:00:00,100,0.018870537877491676,0.264150943396,,2.4481734940689837,0.4984670382732981,86892.71464974718,10,1993-07-08 00:00:00,23.684931506849313
0,0.03634608812548724,0.05409310668988554,1.5,15,2017-03-09 00:00:00,100,0.06351423352737497,0.410377358491,,2.4481734940689837,2.6064803381515844,653.5794577111519,10,1993-07-08 00:00:00,23.684931506849313
0,0.06208533556876252,0.09339853609841922,1.5,25,2017-03-09 00:00:00,100,0.08784927247421696,0.513911620295,,2.4481734940689837,4.514676195892653,295.3885127255579,10,1993-07-08 00:00:00,23.684931506849313
0,0.004997866630433066,0.0077099406122088,2.0,5,2017-03-09 00:00:00,100,0.01291059627854384,0.264150943396,,2.2678275497760803,0.34103461867847074,88370.83040126397,10,1993-07-08 00:00:00,23.684931506849313
0,0.03414911159862401,0.05081497400475566,2.0,15,2017-03-09 00:00:00,100,0.060042056880594816,0.410377358491,,2.2678275497760803,2.463990070099764,656.509963999902,10,1993-07-08 00:00:00,23.684931506849313
0,0.061283099877867946,0.09227613416067527,2.0,25,2017-03-09 00:00:00,100,0.08715288032870852,0.513911620295,,2.2678275497760803,4.478887794306785,316.66627014256966,10,1993-07-08 00:00:00,23.684931506849313
0,0.0006535444845165488,0.0009638708680975614,0.5,5,2017-03-09 00:00:00,100,0.002109134101735133,0.158108954289,,3.771636535950429,0.03334729872812581,666.7926020553433,20,1993-07-08 00:00:00,23.684931506849313
0,0.013951990217607834,0.02217467785889731,0.5,15,2017-03-09 00:00:00,100,0.030094289801473762,0.326366559486,,3.771636535950429,0.9821769822666582,1008.6071954374755,20,1993-07-08 00:00:00,23.684931506849313
0,0.05313935057750485,0.08372492980526408,0.5,25,2017-03-09 00:00:00,100,0.10912155326755413,0.326366559486,,3.771636535950429,3.561362590564543,329.20895041393476,20,1993-07-08 00:00:00,23.684931506849313
0,-0.0036966915282425953,-0.005402979062690943,1.0,5,2017-03-09 00:00:00,100,-0.011735335654640943,0.158108954289,,3.9036410568140445,-0.1855461648589296,687.8998372892278,20,1993-07-08 00:00:00,23.684931506849313
0,0.010472634914305815,0.01655616653161981,1.0,15,2017-03-09 00:00:00,100,0.022779470673875046,0.326366559486,,3.9036410568140445,0.7434457470733458,1210.308567823406,20,1993-07-08 00:00:00,23.684931506849313
0,0.049798501049377386,0.07845210683956196,1.0,25,2017-03-09 00:00:00,100,0.10206035356825847,0.326366559486,,3.9036410568140445,3.3309086453946257,356.6584283801237,20,1993-07-08 00:00:00,23.684931506849313
0,-0.02360274865404685,-0.0325680986462324,1.5,5,2017-03-09 00:00:00,100,-0.06878866744496875,0.167179487179,,4.334514807602385,-1.1500054147210115,676.2639872122794,20,1993-07-08 00:00:00,23.684931506849313
0,0.0033978866452145156,0.005332225617688219,1.5,15,2017-03-09 00:00:00,100,0.00741766665374509,0.326366559486,,4.334514807602385,0.24208783451931115,1181.2932096027907,20,1993-07-08 00:00:00,23.684931506849313
0,0.042536890278326966,0.0666362720346702,1.5,25,2017-03-09 00:00:00,100,0.05400401813597799,0.526315789474,,4.334514807602385,2.8423167439988406,346.22607945022673,20,1993-07-08 00:00:00,23.684931506849313
0,-0.0327656164839268,-0.04482903634504683,2.0,5,2017-03-09 00:00:00,100,-0.10843826846403863,0.167179487179,,4.49340986019684,-1.812865411244946,447.13073485289135,20,1993-07-08 00:00:00,23.684931506849313
0,-0.010283085033363467,-0.016031484096852622,2.0,15,2017-03-09 00:00:00,100,-0.023267593841710305,0.326366559486,,4.49340986019684,-0.7593764549625015,1085.8347513975564,20,1993-07-08 00:00:00,23.684931506849313
0,0.053207416915293855,0.0838630514514732,2.0,25,2017-03-09 00:00:00,100,0.08045408028032683,0.456937799043,,4.49340986019684,3.676251036732636,330.38625820206147,20,1993-07-08 00:00:00,23.684931506849313
0,0.02527282642482341,0.04206414229517432,0.5,5,2017-03-09 00:00:00,100,0.11839536666631535,0.16,,6.497939551203813,1.8943258666611618,118347636.49975024,30,1993-07-08 00:00:00,23.684931506849313
0,0.034387914763473616,0.05635526882582568,0.5,15,2017-03-09 00:00:00,100,0.08519884662200723,0.3096,,6.497939551203813,2.637756291417448,43209.535104901166,30,1993-07-08 00:00:00,23.684931506849313
0,0.04819183567684428,0.07624228305981261,0.5,25,2017-03-09 00:00:00,100,0.0435252580530847,0.823218997361,,6.497939551203813,3.583081929435994,315.18285633962677,30,1993-07-08 00:00:00,23.684931506849313
0,0.02036738023031356,0.03390023403771233,1.0,5,2017-03-09 00:00:00,100,0.09560188108191164,0.157032755299,,5.823492489518767,1.5012626798026396,118347775.85936877,30,1993-07-08 00:00:00,23.684931506849313
0,0.02876163632040722,0.04704348449242664,1.0,15,2017-03-09 00:00:00,100,0.0709780846172305,0.3096,,5.823492489518767,2.197481499749543,43209.23108588801,30,1993-07-08 00:00:00,23.684931506849313
0,0.033538890811434185,0.052490114305893266,1.0,25,2017-03-09 00:00:00,100,0.03038558120984505,0.823218997361,,5.823492489518767,2.5013987697814377,293.7525374550259,30,1993-07-08 00:00:00,23.684931506849313
0,0.03851158958826999,0.0675467691557206,1.5,5,2017-03-09 00:00:00,100,0.17470216121084478,0.157032755299,,5.759221987589913,2.7433961731567758,111773449.46031263,30,1993-07-08 00:00:00,23.684931506849313
0,0.06079239604170158,0.10215185059205789,1.5,15,2017-03-09 00:00:00,100,0.14796792159238736,0.3096,,5.759221987589913,4.581086852500493,42299.96361981408,30,1993-07-08 00:00:00,23.684931506849313
0,0.04031775976902356,0.06355390213302703,1.5,25,2017-03-09 00:00:00,100,0.036084130179549714,0.823218997361,,5.759221987589913,2.970514146706993,299.78574434588745,30,1993-07-08 00:00:00,23.684931506849313
0,0.04648022808418871,0.08315559141183161,2.0,5,2017-03-09 00:00:00,100,0.1997822763706715,0.157032755299,,5.293519934943491,3.1372361318322772,103167228.3434403,30,1993-07-08 00:00:00,23.684931506849313
0,0.08088212164573037,0.13772652780066125,2.0,15,2017-03-09 00:00:00,100,0.18868721297417454,0.3096,,5.293519934943491,5.841756113680674,39076.929284782396,30,1993-07-08 00:00:00,23.684931506849313
0,0.04832781717589228,0.07645607351598135,2.0,25,2017-03-09 00:00:00,100,0.04231007927792826,0.823218997361,,5.293519934943491,3.4830461041460703,239.81261910851518,30,1993-07-08 00:00:00,23.684931506849313
0,-0.003988076488317886,-0.00639418699741644,0.5,5,2017-03-09 00:00:00,110,-0.01594803371433554,0.166666666667,,3.4973399026481777,-0.26580056190558254,2524.2417718867623,10,1993-07-22 00:00:00,23.646575342465752
0,-0.003473800643804497,-0.0052424704505142404,0.5,15,2017-03-09 00:00:00,110,-0.0066388776542240955,0.35594639866,,3.4973399026481777,-0.23630845921653876,631.8231005470411,10,1993-07-22 00:00:00,23.646575342465752
0,0.03503378314684464,0.05372883220282472,0.5,25,2017-03-09 00:00:00,110,0.04592948028265023,0.541598694943,,3.4973399026481777,2.4875346580489177,347.6984919118031,10,1993-07-22 00:00:00,23.646575342465752
0,-0.0007753091102851419,-0.0012610541857116149,1.0,5,2017-03-09 00:00:00,110,-0.0030707579333609813,0.166666666667,,4.034543907000088,-0.0511792988893478,2550.986280175208,10,1993-07-22 00:00:00,23.646575342465752
0,-0.005154079013311046,-0.007724615402921128,1.0,15,2017-03-09 00:00:00,110,-0.009830492166082453,0.35594639866,,4.034543907000088,-0.34991282835723503,630.2424121081073,10,1993-07-22 00:00:00,23.646575342465752
0,0.04576212788793285,0.07037156862585464,1.0,25,2017-03-09 00:00:00,110,0.05948032099069398,0.541598694943,,4.034543907000088,3.221446422334484,344.4890040247583,10,1993-07-22 00:00:00,23.646575342465752
0,-0.013628134075622151,-0.021478267518318266,1.5,5,2017-03-09 00:00:00,110,-0.054332922236528976,0.166666666667,,3.9587502972803223,-0.9055487039421162,2520.9359974059103,10,1993-07-22 00:00:00,23.646575342465752
0,-0.007729201539746323,-0.011512616944314219,1.5,15,2017-03-09 00:00:00,110,-0.0154679258706194,0.338375796178,,3.9587502972803223,-0.5233971731698706,614.4069858543248,10,1993-07-22 00:00:00,23.646575342465752
0,0.05318310012820994,0.08189012138583056,1.5,25,2017-03-09 00:00:00,110,0.06957620921190857,0.541598694943,,3.9587502972803223,3.7682384108244094,671.2967779181304,10,1993-07-22 00:00:00,23.646575342465752
0,-0.0013597148409005815,-0.0022071360354462407,2.0,5,2017-03-09 00:00:00,110,-0.005471080413970354,0.166666666667,,5.049647824046244,-0.09118467356616922,2837.7806142710037,10,1993-07-22 00:00:00,23.646575342465752
0,0.021328930382820247,0.032302181999673656,2.0,15,2017-03-09 00:00:00,110,0.04285203650361487,0.338375796178,,5.049647824046244,1.4500091969774864,672.654698389162,10,1993-07-22 00:00:00,23.646575342465752
0,0.08632949417648418,0.13437654522324366,2.0,25,2017-03-09 00:00:00,110,0.11191555267081046,0.541598694943,,5.049647824046244,6.061331727032471,741.5388931820438,10,1993-07-22 00:00:00,23.646575342465752
0,-0.025609532674877512,-0.03679563547081177,0.5,5,2017-03-09 00:00:00,110,-0.10281098667356878,0.171787709497,,3.5066260854978326,-1.7661663911799796,7095.203146012061,20,1993-07-22 00:00:00,23.646575342465752
0,0.01648707177399132,0.025745308918554914,0.5,15,2017-03-09 00:00:00,110,0.03465278978431994,0.355359005453,,3.5066260854978326,1.2314180913917783,9175.398705572898,20,1993-07-22 00:00:00,23.646575342465752
0,0.026276150196461647,0.039903614174012926,0.5,25,2017-03-09 00:00:00,110,0.031102920869695874,0.602494848333,,3.5066260854978326,1.873934959210799,9205.498584769603,20,1993-07-22 00:00:00,23.646575342465752
0,-0.010642881590287166,-0.015759751440819442,1.0,5,2017-03-09 00:00:00,110,-0.04389734136784135,0.171787709497,,4.6987518909873405,-0.7541023726598262,12562.990873091954,20,1993-07-22 00:00:00,23.646575342465752
0,0.036508626620513164,0.05827311517000753,1.0,15,2017-03-09 00:00:00,110,0.07895267361315911,0.355359005453,,4.6987518909873405,2.805654357300469,8410.402449914169,20,1993-07-22 00:00:00,23.646575342465752
0,0.05593361112328105,0.08653156414379012,1.0,25,2017-03-09 00:00:00,110,0.06790478716302063,0.602494848333,,4.6987518909873405,4.091228444288464,8436.81991258257,20,1993-07-22 00:00:00,23.646575342465752
0,-0.024630291197275164,-0.03478404194143104,1.5,5,2017-03-09 00:00:00,110,-0.09679781763813243,0.171787709497,,3.378030392461029,-1.6628675376382684,6717.442816301005,20,1993-07-22 00:00:00,23.646575342465752
0,0.019244713648869344,0.030176235685155532,1.5,15,2017-03-09 00:00:00,110,0.04085900754823827,0.355359005453,,3.378030392461029,1.4519616286126746,8364.828766065391,20,1993-07-22 00:00:00,23.646575342465752
0,0.03426556078675626,0.052113154445890535,1.5,25,2017-03-09 00:00:00,110,0.04106469907167141,0.602494848333,,3.378030392461029,2.4741269639036556,8406.434102360727,20,1993-07-22 00:00:00,23.646575342465752
0,-0.025616089210349142,-0.0362518689526668,2.0,5,2017-03-09 00:00:00,110,-0.10120774646281863,0.171787709497,,3.41312139397274,-1.7386246948221218,432.39388522925,20,1993-07-22 00:00:00,23.646575342465752
0,0.017124591697332943,0.026721952879648816,2.0,15,2017-03-09 00:00:00,110,0.03619184206916717,0.355359005453,,3.41312139397274,1.2861097003200817,8058.391722827125,20,1993-07-22 00:00:00,23.646575342465752
0,0.02198860884603793,0.03334586434305629,2.0,25,2017-03-09 00:00:00,110,0.02630546060690693,0.602494848333,,3.41312139397274,1.584890449869425,8153.887772841532,20,1993-07-22 00:00:00,23.646575342465752
0,0.012367437057968821,0.020942385475426713,0.5,5,2017-03-09 00:00:00,110,0.035783570948530824,0.306656101426,,5.624702557989414,1.0973250362188436,1501535.156447567,30,1993-07-22 00:00:00,23.646575342465752
0,0.051949958237086764,0.08473608450455372,0.5,15,2017-03-09 00:00:00,110,0.1273542525603496,0.306656101426,,5.624702557989414,3.9053958590219207,18771.659951956557,30,1993-07-22 00:00:00,23.646575342465752
0,0.0221221701431021,0.034258133294349624,0.5,25,2017-03-09 00:00:00,110,0.03272836905108357,0.513911620295,,5.624702557989414,1.6819489168641955,395.5655403703216,30,1993-07-22 00:00:00,23.646575342465752
0,0.0020637365309419285,0.003362528711431246,1.0,5,2017-03-09 00:00:00,110,0.006034110221224859,0.306656101426,,5.129298723049058,0.18503967160174994,1493268.3385763243,30,1993-07-22 00:00:00,23.646575342465752
0,0.050763075075518076,0.08238053499178001,1.0,15,2017-03-09 00:00:00,110,0.12334404247641007,0.306656101426,,5.129298723049058,3.7824203199977813,18774.07673964073,30,1993-07-22 00:00:00,23.646575342465752
0,0.024503000095177804,0.03796997285221498,1.0,25,2017-03-09 00:00:00,110,0.03606327702691077,0.513911620295,,5.129298723049058,1.853333713003269,489.47111704921866,30,1993-07-22 00:00:00,23.646575342465752
0,0.0072296983277548256,0.011949906668817522,1.5,5,2017-03-09 00:00:00,110,0.021111745043280918,0.306656101426,,6.079773006372102,0.6474045429278874,1393616.6828682402,30,1993-07-22 00:00:00,23.646575342465752
0,0.051901429111818685,0.0845313652208968,1.5,15,2017-03-09 00:00:00,110,0.12486952397984732,0.306656101426,,6.079773006372102,3.8292001410619836,17534.695107458912,30,1993-07-22 00:00:00,23.646575342465752
0,0.01699711967460738,0.026205788486953725,1.5,25,2017-03-09 00:00:00,110,0.023388720317242973,0.541598694943,,6.079773006372102,1.2667300400203363,339.2981929726372,30,1993-07-22 00:00:00,23.646575342465752
0,0.019487705057293102,0.034424218746540614,2.0,5,2017-03-09 00:00:00,110,0.07852005764530665,0.208860759494,,7.114620987890552,1.639975887528533,1349431.735582501,30,1993-07-22 00:00:00,23.646575342465752
0,0.07498235072229474,0.13119656782180292,2.0,15,2017-03-09 00:00:00,110,0.24930589585410315,0.224637681159,,7.114620987890552,5.600349834404383,20065.812772085097,30,1993-07-22 00:00:00,23.646575342465752
0,0.018813349842464886,0.029717221305755673,2.0,25,2017-03-09 00:00:00,110,0.026146385584946717,0.541598694943,,7.114620987890552,1.4160848310281082,586.7582444197252,30,1993-07-22 00:00:00,23.646575342465752
0,0.024061981508561522,0.04100487865489833,0.5,5,2017-03-09 00:00:00,120,0.09958007502147226,0.166666666667,,5.4440675111488535,1.6596679170244766,31031.959319388243,10,1993-08-05 00:00:00,23.60821917808219
0,-0.0035801895189789337,-0.005416541536492305,0.5,15,2017-03-09 00:00:00,120,-0.007576915470379885,0.338375796178,,5.4440675111488535,-0.25638448048659335,1066.5102056229944,10,1993-08-05 00:00:00,23.60821917808219
0,0.024190817226722502,0.037267585230085866,0.5,25,2017-03-09 00:00:00,120,0.030555539996276655,0.576388888889,,5.4440675111488535,1.761187374785389,839.0891422826487,10,1993-08-05 00:00:00,23.60821917808219
0,0.020947934971530857,0.035689080652597356,1.0,5,2017-03-09 00:00:00,120,0.08646430263873536,0.166666666667,,6.244455093996604,1.4410717106455362,31013.891849506086,10,1993-08-05 00:00:00,23.60821917808219
0,-0.00042382070974004055,-0.0006419995299391194,1.0,15,2017-03-09 00:00:00,120,-0.0009279984154421078,0.326923076923,,6.244455093996604,-0.03033840973560853,1071.5976451305798,10,1993-08-05 00:00:00,23.60821917808219
0,0.0334981345428253,0.05172885302195785,1.0,25,2017-03-09 00:00:00,120,0.04234869988055009,0.576388888889,,6.244455093996604,2.4409320070039264,843.2518093763431,10,1993-08-05 00:00:00,23.60821917808219
0,0.027917479631779554,0.048170851484605676,1.5,5,2017-03-09 00:00:00,120,0.08770636300400625,0.215927546769,,7.118312485768019,1.8938219799458977,30350.75940214823,10,1993-08-05 00:00:00,23.60821917808219
0,0.012886487153891782,0.019631708384058994,1.5,15,2017-03-09 00:00:00,120,0.027940600000659614,0.326923076923,,7.118312485768019,0.9134426923292915,1098.3210436369657,10,1993-08-05 00:00:00,23.60821917808219
0,0.047461510125230366,0.07355175599199654,1.5,25,2017-03-09 00:00:00,120,0.059550175585028814,0.576388888889,,7.118312485768019,3.4324059538592966,865.2332887180661,10,1993-08-05 00:00:00,23.60821917808219
0,0.019004585024016096,0.03273884459563571,2.0,5,2017-03-09 00:00:00,120,0.07964335628561194,0.156985871272,,6.42699886093081,1.2502881677489475,5899.428954401019,10,1993-08-05 00:00:00,23.60821917808219
0,0.01472953585249493,0.02358173290601771,2.0,15,2017-03-09 00:00:00,120,0.033629097487565325,0.326923076923,,6.42699886093081,1.099412802478139,1792.3244992890584,10,1993-08-05 00:00:00,23.60821917808219
0,0.037597948362426394,0.05804640665503722,2.0,25,2017-03-09 00:00:00,120,0.04711003446827965,0.576388888889,,6.42699886093081,2.7153700422688942,722.7965545412029,10,1993-08-05 00:00:00,23.60821917808219
0,-0.03196001476097197,-0.042061911560875256,0.5,5,2017-03-09 00:00:00,120,-0.07055172483621598,0.317473338802,,5.4891590542788915,-2.2398291642014567,9849.929562171754,20,1993-08-05 00:00:00,23.60821917808219
0,0.0043761598511381904,0.006775103020410134,0.5,15,2017-03-09 00:00:00,120,0.010814285816236911,0.317473338802,,5.4891590542788915,0.3433247424843078,308.9796449776986,20,1993-08-05 00:00:00,23.60821917808219
0,-0.004475537315909025,-0.006748259025363769,0.5,25,2017-03-09 00:00:00,120,-0.005696850551651116,0.576388888889,,5.4891590542788915,-0.3283601359632238,232.46339035712026,20,1993-08-05 00:00:00,23.60821917808219
0,-0.020960025375082153,-0.02832750623231531,1.0,5,2017-03-09 00:00:00,120,-0.047032930760172925,0.317473338802,,5.601919852584003,-1.493170156208945,18718.496968945023,20,1993-08-05 00:00:00,23.60821917808219
0,0.0002961640111848543,0.00045272442385095043,1.0,15,2017-03-09 00:00:00,120,0.000541453018395035,0.433515482696,,5.601919852584003,0.023472826662662705,361.55294306427567,20,1993-08-05 00:00:00,23.60821917808219
0,-0.008233976618973148,-0.012420237830893435,1.0,25,2017-03-09 00:00:00,120,-0.009718966689198914,0.621129326047,,5.601919852584003,-0.6036735229538848,202.94107856873816,20,1993-08-05 00:00:00,23.60821917808219
0,-0.016016187244086,-0.021766626238238846,1.5,5,2017-03-09 00:00:00,120,-0.03784679793972983,0.317473338802,,5.9427063667647495,-1.2015349304902,10974.224916598423,20,1993-08-05 00:00:00,23.60821917808219
0,0.002919333059800343,0.004495685750090864,1.5,15,2017-03-09 00:00:00,120,0.00524674951064176,0.435290322581,,5.9427063667647495,0.22838592869871555,428.29484737238283,20,1993-08-05 00:00:00,23.60821917808219
0,-0.00015354069386670942,-0.00023372870110956626,1.5,25,2017-03-09 00:00:00,120,-0.00017929330909702333,0.621129326047,,5.9427063667647495,-0.011136433224423481,320.0495063064746,20,1993-08-05 00:00:00,23.60821917808219
0,-0.0199415980257798,-0.026887815747865862,2.0,5,2017-03-09 00:00:00,120,-0.045469741004747384,0.317473338802,,5.583861679741875,-1.4435430491252954,4188.745912001186,20,1993-08-05 00:00:00,23.60821917808219
0,-0.0068020294822619615,-0.010362424310942392,2.0,15,2017-03-09 00:00:00,120,-0.011298563050666757,0.463651050081,,5.583861679741875,-0.5238590622845485,402.69376814291496,20,1993-08-05 00:00:00,23.60821917808219
0,-0.0029973725084039195,-0.00457296272987187,2.0,25,2017-03-09 00:00:00,120,-0.003858994200235765,0.552504038772,,5.583861679741875,-0.21321098812288053,299.3686761033571,20,1993-08-05 00:00:00,23.60821917808219
0,0.005196735670124278,0.009293697976101661,0.5,5,2017-03-09 00:00:00,120,0.02011860576651158,0.217391304348,,7.19294144547582,0.43736099492417413,20182.196455871723,30,1993-08-05 00:00:00,23.60821917808219
0,0.028298092300402807,0.04807667194829314,0.5,15,2017-03-09 00:00:00,120,0.0771880162187326,0.286442405708,,7.19294144547582,2.2109921057558157,3032.011905337353,30,1993-08-05 00:00:00,23.60821917808219
0,-0.0008928799854860087,-0.0014119644152207934,0.5,25,2017-03-09 00:00:00,120,-0.001188354582887218,0.576388888889,,7.19294144547582,-0.0684954377636382,269.3405324626315,30,1993-08-05 00:00:00,23.60821917808219
0,0.01075262048408107,0.020666157583175512,1.0,5,2017-03-09 00:00:00,120,0.04057819554047152,0.215277777778,,7.200701736288817,0.8735583762185639,20715.044259506125,30,1993-08-05 00:00:00,23.60821917808219
0,0.03749354632649617,0.06523227303268121,1.0,15,2017-03-09 00:00:00,120,0.10075390191873139,0.286442405708,,7.200701736288817,2.886019005011664,4245.469495123655,30,1993-08-05 00:00:00,23.60821917808219
0,0.0011746794985854727,0.0018741565914580408,1.0,25,2017-03-09 00:00:00,120,0.0015449898197163342,0.576388888889,,7.200701736288817,0.08905149655309419,1581.4014529672413,30,1993-08-05 00:00:00,23.60821917808219
0,0.007579443516234537,0.013222090212775508,1.5,5,2017-03-09 00:00:00,120,0.02937148110695638,0.215277777778,,5.4399433100347006,0.6323027182748131,18176.34819165708,30,1993-08-05 00:00:00,23.60821917808219
0,0.028962211860287385,0.04786937751675992,1.5,15,2017-03-09 00:00:00,120,0.06729841682392898,0.329032258065,,5.4399433100347006,2.2143350051743393,4994.248994563076,30,1993-08-05 00:00:00,23.60821917808219
0,-0.00708107157473689,-0.010815732846747717,1.5,25,2017-03-09 00:00:00,120,-0.009154552367225932,0.576388888889,,5.4399433100347006,-0.5276582267220498,2633.482789895805,30,1993-08-05 00:00:00,23.60821917808219
0,0.017147557607191558,0.031248925038554268,2.0,5,2017-03-09 00:00:00,120,0.06536470077961727,0.215277777778,,6.017318681410777,1.4071567528946671,24859.622682746252,30,1993-08-05 00:00:00,23.60821917808219
0,0.023739636217437323,0.03924306067021453,2.0,15,2017-03-09 00:00:00,120,0.04168727240289306,0.433515482696,,6.017318681410777,1.8072078018011917,4951.268611634131,30,1993-08-05 00:00:00,23.60821917808219
0,-0.0032788028721413842,-0.005079577058944436,2.0,25,2017-03-09 00:00:00,120,-0.00385602548148113,0.621129326047,,6.017318681410777,-0.23950905085338148,2608.0056989552236,30,1993-08-05 00:00:00,23.60821917808219
0,0.012989546527992989,0.021585074156386594,0.5,5,2017-03-09 00:00:00,130,0.054598268166809634,0.157754010695,,3.918499835913325,0.861309578032543,3517.7565939340666,10,1993-08-19 00:00:00,23.56986301369863
0,0.003803064664929958,0.005957239027941712,0.5,15,2017-03-09 00:00:00,130,0.006289415976277464,0.463651050081,,3.918499835913325,0.2916094321795848,1437.2452848322655,10,1993-08-19 00:00:00,23.56986301369863
0,0.02582999132328454,0.03963507974774577,0.5,25,2017-03-09 00:00:00,130,0.03418957813528961,0.552504038772,,3.918499835913325,1.888988000366565,747.5607885532208,10,1993-08-19 00:00:00,23.56986301369863
0,0.007095982787954837,0.011688367350127345,1.0,5,2017-03-09 00:00:00,130,0.029364673421662553,0.157754010695,,3.4199901717348213,0.463239500502155,3498.6205472578745,10,1993-08-19 00:00:00,23.56986301369863
0,0.000743472483844514,0.0011606482062144854,1.0,15,2017-03-09 00:00:00,130,0.0012320336857494824,0.463651050081,,3.4199901717348213,0.057123371213263496,1438.3000934307104,10,1993-08-19 00:00:00,23.56986301369863
0,0.026044207715530676,0.04007681466776636,1.0,25,2017-03-09 00:00:00,130,0.034569210378177465,0.552504038772,,3.4199901717348213,1.9099628351109343,746.9698104295062,10,1993-08-19 00:00:00,23.56986301369863
0,0.004698226479475576,0.006837045940986349,1.5,5,2017-03-09 00:00:00,130,0.01632808124109065,0.171787709497,,3.4148482909296396,0.28049636768912034,3416.2796500929417,10,1993-08-19 00:00:00,23.56986301369863
0,0.020095517697966473,0.031017357443763133,1.5,15,2017-03-09 00:00:00,130,0.03245331829210943,0.463651050081,,3.4148482909296396,1.5047015104742156,1946.4358631604264,10,1993-08-19 00:00:00,23.56986301369863
0,0.046337514314225385,0.07067472972717122,1.5,25,2017-03-09 00:00:00,130,0.060779362310588045,0.552504038772,,3.4148482909296396,3.3580843150599504,701.7056146270581,10,1993-08-19 00:00:00,23.56986301369863
0,-0.01688400105691513,-0.023178443092040014,2.0,5,2017-03-09 00:00:00,130,-0.050453840310597554,0.208333333333,,2.632537408216473,-1.0511216731374784,3286.7313837423467,10,1993-08-19 00:00:00,23.56986301369863
0,0.013766029613668464,0.021154491754658635,2.0,15,2017-03-09 00:00:00,130,0.022088246378344677,0.463651050081,,2.632537408216473,1.0241238627762383,1889.5470706131086,10,1993-08-19 00:00:00,23.56986301369863
0,0.03652800112423428,0.05553413805240618,2.0,25,2017-03-09 00:00:00,130,0.04778038987080925,0.552504038772,,2.632537408216473,2.6398858377733037,677.0813760904642,10,1993-08-19 00:00:00,23.56986301369863
0,0.0021933365792279626,0.003131983069082419,0.5,5,2017-03-09 00:00:00,130,0.005329919573052408,0.306656101426,,5.914391521001461,0.16344523571880654,10481.982787246045,20,1993-08-19 00:00:00,23.56986301369863
0,-0.004527491252935935,-0.006947700635432251,0.5,15,2017-03-09 00:00:00,130,-0.008561355138885852,0.432228915663,,5.914391521001461,-0.3700465248283491,997.2803163623178,20,1993-08-19 00:00:00,23.56986301369863
0,0.012314080326966763,0.019625650715623437,0.5,25,2017-03-09 00:00:00,130,0.019199318775806638,0.515060240964,,5.914391521001461,0.9888805755008834,812.4152994227707,20,1993-08-19 00:00:00,23.56986301369863
0,0.00300190569839109,0.0043062838736190635,1.0,5,2017-03-09 00:00:00,130,0.007625388907267399,0.306656101426,,6.072441004707119,0.2338372034162095,10995.296806592942,20,1993-08-19 00:00:00,23.56986301369863
0,-0.002574120379523111,-0.003987122307874128,1.0,15,2017-03-09 00:00:00,130,-0.004827631329184033,0.432228915663,,6.072441004707119,-0.2086641854632254,515.4489001175563,20,1993-08-19 00:00:00,23.56986301369863
0,0.020193528821150258,0.032548980522425795,1.0,25,2017-03-09 00:00:00,130,0.031408129973465045,0.515060240964,,6.072441004707119,1.6177078992356986,883.2634016285004,20,1993-08-19 00:00:00,23.56986301369863
0,-0.010084590121664136,-0.013949027683778112,1.5,5,2017-03-09 00:00:00,130,-0.02564610290498984,0.306656101426,,5.422023834357015,-0.7864533933622297,693.6047318304146,20,1993-08-19 00:00:00,23.56986301369863
0,-0.014295503954090493,-0.02157389509246382,1.5,15,2017-03-09 00:00:00,130,-0.02348189156734842,0.496025437202,,5.422023834357015,-1.1647615531021782,354.9626189347923,20,1993-08-19 00:00:00,23.56986301369863
0,-0.00796306495236448,-0.012459263623896636,1.5,25,2017-03-09 00:00:00,130,-0.011731424603416949,0.543720190779,,5.422023834357015,-0.6378612423479479,663.5310223857144,20,1993-08-19 00:00:00,23.56986301369863
0,-0.014577815975954778,-0.01966114813994828,2.0,5,2017-03-09 00:00:00,130,-0.034944017664741665,0.306656101426,,5.196964461013076,-1.0715796225241991,669.170672034433,20,1993-08-19 00:00:00,23.56986301369863
0,-0.016015298586462723,-0.023969241303750784,2.0,15,2017-03-09 00:00:00,130,-0.025435719387136815,0.496025437202,,5.196964461013076,-1.261676382954957,347.70624215964193,20,1993-08-19 00:00:00,23.56986301369863
0,-0.004105351584544256,-0.00639442216662031,2.0,25,2017-03-09 00:00:00,130,-0.005880473598112238,0.543720190779,,5.196964461013076,-0.319733222663654,628.6858289304666,20,1993-08-19 00:00:00,23.56986301369863
0,0.0061163732951533,0.010868540272406146,0.5,5,2017-03-09 00:00:00,130,0.025960518189768862,0.215277777778,,5.454302177029358,0.5588722665853529,18470.063161985483,30,1993-08-19 00:00:00,23.56986301369863
0,-0.0018693153601995634,-0.0029390310136551863,0.5,15,2017-03-09 00:00:00,130,-0.0031357650221056433,0.496025437202,,5.454302177029358,-0.15554192160524005,3777.8256644691323,30,1993-08-19 00:00:00,23.56986301369863
0,0.01218807524434177,0.019511051820340214,0.5,25,2017-03-09 00:00:00,130,0.01762047899175121,0.543720190779,,5.454302177029358,0.9580610199012574,789.4054566025525,30,1993-08-19 00:00:00,23.56986301369863
0,-0.0004245685067435138,-0.0007467182854977651,1.0,5,2017-03-09 00:00:00,130,-0.0018183538399928786,0.215277777778,,5.406509982418339,-0.03914511738873916,17248.171217345396,30,1993-08-19 00:00:00,23.56986301369863
0,-0.0069851108219872214,-0.010957360223715074,1.0,15,2017-03-09 00:00:00,130,-0.011713235892623543,0.496025437202,,5.406509982418339,-0.5810062954687667,3691.0506175632654,30,1993-08-19 00:00:00,23.56986301369863
0,0.005882691938527566,0.009396860828765626,1.0,25,2017-03-09 00:00:00,130,0.008500325953003034,0.543720190779,,5.406509982418339,0.4621798848850611,819.6989993897105,30,1993-08-19 00:00:00,23.56986301369863
0,0.007760924457853024,0.014935245989971233,1.5,5,2017-03-09 00:00:00,130,0.02955817146928233,0.215277777778,,6.241910439906562,0.6363217469082194,17043.56207888371,30,1993-08-19 00:00:00,23.56986301369863
0,0.010368739075992265,0.016747832166648755,1.5,15,2017-03-09 00:00:00,130,0.01641450874059841,0.496025437202,,6.241910439906562,0.8142013874509857,4249.783020527734,30,1993-08-19 00:00:00,23.56986301369863
0,0.02185219865840807,0.035537220320631994,1.5,25,2017-03-09 00:00:00,130,0.030049193181996902,0.543720190779,,6.241910439906562,1.6338353049670795,721.882249620784,30,1993-08-19 00:00:00,23.56986301369863
0,-0.019349820496260283,-0.026453107848868996,2.0,5,2017-03-09 00:00:00,130,-0.0575129953468802,0.196666666667,,4.216695029942952,-1.1310889084888087,1852.1138425286977,30,1993-08-19 00:00:00,23.56986301369863
0,-0.01990174654553018,-0.028557442523214904,2.0,15,2017-03-09 00:00:00,130,-0.028220100432751926,0.496025437202,,4.216695029942952,-1.399788765503751,1663.2755572727024,30,1993-08-19 00:00:00,23.56986301369863
0,0.0020067442664787436,0.0030463804501613366,2.0,25,2017-03-09 00:00:00,130,0.002578635976979572,0.543720190779,,4.216695029942952,0.14020564453529616,1283.797198415389,30,1993-08-19 00:00:00,23.56986301369863
0,-0.01862419721079047,-0.027318273354023405,0.5,5,2017-03-09 00:00:00,140,-0.07546291714315381,0.168956043956,,5.493210118779301,-1.2749915945889811,794.7004334444046,10,1993-09-02 00:00:00,23.53150684931507
0,0.008691244292342953,0.013597830911352977,0.5,15,2017-03-09 00:00:00,140,0.014883702408076073,0.463651050081,,5.493210118779301,0.6900844250594229,534.499553610292,10,1993-09-02 00:00:00,23.53150684931507
0,0.02269962247021895,0.03495460547484502,0.5,25,2017-03-09 00:00:00,140,0.030676839455773177,0.552504038772,,5.493210118779301,1.694907769608145,444.4111100129702,10,1993-09-02 00:00:00,23.53150684931507
0,-0.03004330033920608,-0.03887086401515995,1.0,5,2017-03-09 00:00:00,140,-0.0924569134616795,0.208333333333,,4.181690750847511,-1.9261856971183766,1466.7656519643317,10,1993-09-02 00:00:00,23.53150684931507
0,0.0037723660352043946,0.005739339570460134,1.0,15,2017-03-09 00:00:00,140,0.00631816839661002,0.463651050081,,4.181690750847511,0.29294254116754015,877.697684698871,10,1993-09-02 00:00:00,23.53150684931507
0,0.031326693753884735,0.04762065105360114,1.0,25,2017-03-09 00:00:00,140,0.04172776439969147,0.552504038772,,4.181690750847511,2.3054758359764893,424.9564008284033,10,1993-09-02 00:00:00,23.53150684931507
0,-0.026983324692080417,-0.034835227570880894,1.5,5,2017-03-09 00:00:00,140,-0.08135858587159465,0.208333333333,,4.64381016084825,-1.6949705389916025,698.8731120043093,10,1993-09-02 00:00:00,23.53150684931507
0,0.005725301785560705,0.008724476415990293,1.5,15,2017-03-09 00:00:00,140,0.00956534656767549,0.463651050081,,4.64381016084825,0.4434982980489277,591.0647253325213,10,1993-09-02 00:00:00,23.53150684931507
0,0.036171522749583816,0.05504933345030496,1.5,25,2017-03-09 00:00:00,140,0.04809405095362297,0.552504038772,,4.64381016084825,2.6572157392793283,409.1034764165839,10,1993-09-02 00:00:00,23.53150684931507
0,-0.0318779557029278,-0.04079460914402674,2.0,5,2017-03-09 00:00:00,140,-0.09621195293252408,0.208333333333,,3.658931415602784,-2.0044156860943074,751.3530375946965,10,1993-09-02 00:00:00,23.53150684931507
0,0.0018903751244324985,0.0028706017596327434,2.0,15,2017-03-09 00:00:00,140,0.0031577197055755965,0.463651050081,,3.658931415602784,0.14640800573508805,586.44324630937,10,1993-09-02 00:00:00,23.53150684931507
0,0.03120134381892752,0.04736893392654321,2.0,25,2017-03-09 00:00:00,140,0.04148863621151483,0.552504038772,,3.658931415602784,2.292263907001302,394.8943917109705,10,1993-09-02 00:00:00,23.53150684931507
0,-0.0056545445785378115,-0.007985267713576695,0.5,5,2017-03-09 00:00:00,140,-0.020594683927611872,0.2,,4.269228150615767,-0.41189367855224424,296090.4730820994,20,1993-09-02 00:00:00,23.53150684931507
0,0.013818766068938332,0.021565354980860908,0.5,15,2017-03-09 00:00:00,140,0.023626452819625603,0.47344461305,,4.269228150615767,1.1185816812933513,1140.6548525903872,20,1993-09-02 00:00:00,23.53150684931507
0,0.022002378079035812,0.035388476917751245,0.5,25,2017-03-09 00:00:00,140,0.03377903467446869,0.518968133536,,4.269228150615767,1.753024257764535,563.3148471030767,20,1993-09-02 00:00:00,23.53150684931507
0,0.0001232803998272912,0.00018541173176376483,1.0,5,2017-03-09 00:00:00,140,0.0004050340537386998,0.2,,4.0761478514168115,0.00810068107477413,11436.373919405549,20,1993-09-02 00:00:00,23.53150684931507
0,0.016971798159378954,0.0270720086106597,1.0,15,2017-03-09 00:00:00,140,0.02804181110683003,0.47344461305,,4.0761478514168115,1.3276244408696458,1087.212706593711,20,1993-09-02 00:00:00,23.53150684931507
0,0.021330509731517632,0.03484354222715591,1.0,25,2017-03-09 00:00:00,140,0.03196627336754611,0.518968133536,,4.0761478514168115,1.6589477225646077,556.3196649838551,20,1993-09-02 00:00:00,23.53150684931507
0,0.008172423401661539,0.012281393750597999,1.5,5,2017-03-09 00:00:00,140,0.026949899963216284,0.2,,5.29439272883061,0.5389979992643346,14940.876470151403,20,1993-09-02 00:00:00,23.53150684931507
0,0.01463421491465902,0.0233005512998026,1.5,15,2017-03-09 00:00:00,140,0.023944355850658287,0.47344461305,,5.29439272883061,1.1336326290448229,1046.9942594595852,20,1993-09-02 00:00:00,23.53150684931507
0,0.03099564037623841,0.051060775337745605,1.5,25,2017-03-09 00:00:00,140,0.04644701099505717,0.518968133536,,5.29439272883061,2.4104518604415093,558.8950648766893,20,1993-09-02 00:00:00,23.53150684931507
0,-0.006941550418443544,-0.010009540911882301,2.0,5,2017-03-09 00:00:00,140,-0.022237948658451936,0.2,,5.4937177203924215,-0.444758973169046,11206.93706568975,20,1993-09-02 00:00:00,23.53150684931507
0,0.020811966222360857,0.033353400757572094,2.0,15,2017-03-09 00:00:00,140,0.03307812891216069,0.481481481481,,5.4937177203924215,1.592650651326255,1136.2376729331293,20,1993-09-02 00:00:00,23.53150684931507
0,0.04611886707377173,0.07654883053781213,2.0,25,2017-03-09 00:00:00,140,0.06710013045922403,0.527777777778,,5.4937177203924215,3.541395774236822,607.0508643318113,20,1993-09-02 00:00:00,23.53150684931507
0,0.0007081283016216563,0.0013298747448004555,0.5,5,2017-03-09 00:00:00,140,0.00286459578161608,0.215277777778,,6.970620178326303,0.06166838140979625,20361.053797793495,30,1993-09-02 00:00:00,23.53150684931507
0,-0.013331783381006063,-0.02098394264339447,0.5,15,2017-03-09 00:00:00,140,-0.023274694150705672,0.463126843658,,6.970620178326303,-1.0779135639117365,3840.306693712553,30,1993-09-02 00:00:00,23.53150684931507
0,0.032101603467681164,0.05251401623237111,0.5,25,2017-03-09 00:00:00,140,0.049105944654851054,0.504424778761,,6.970620178326303,2.4770255268376173,729.9754903244027,30,1993-09-02 00:00:00,23.53150684931507
0,-0.007213798552123401,-0.012993922704880798,1.0,5,2017-03-09 00:00:00,140,-0.029277899305899142,0.215277777778,,7.352511806196604,-0.6302881100576085,19361.8982916482,30,1993-09-02 00:00:00,23.53150684931507
0,-0.009603673207101962,-0.015198705321861516,1.0,15,2017-03-09 00:00:00,140,-0.016867621303052326,0.463126843658,,7.352511806196604,-0.7811848214097972,3658.354259179033,30,1993-09-02 00:00:00,23.53150684931507
0,0.03163733087277582,0.05175137767700748,1.0,25,2017-03-09 00:00:00,140,0.04822972083917968,0.504424778761,,7.352511806196604,2.4328266264010967,690.5634503319659,30,1993-09-02 00:00:00,23.53150684931507
0,-0.003408366730960125,-0.006292033830391287,1.5,5,2017-03-09 00:00:00,140,-0.013969530208137421,0.215277777778,,7.310466422211559,-0.3007329419807636,19419.52671932224,30,1993-09-02 00:00:00,23.53150684931507
0,-0.02872775097166015,-0.04458843415312423,1.5,15,2017-03-09 00:00:00,140,-0.050725964738826505,0.463126843658,,7.310466422211559,-2.3492555940990423,3864.5632278069243,30,1993-09-02 00:00:00,23.53150684931507
0,0.011998950429630891,0.01936132657903541,1.5,25,2017-03-09 00:00:00,140,0.018441827929676736,0.504424778761,,7.310466422211559,0.9302514973376752,927.0006123737758,30,1993-09-02 00:00:00,23.53150684931507
0,-0.0034019818726869857,-0.0049692358518000045,2.0,5,2017-03-09 00:00:00,140,-0.011077170483812097,0.196666666667,,6.651331348609046,-0.21785101951500296,3148.8166836610094,30,1993-09-02 00:00:00,23.53150684931507
0,-0.037081656202711526,-0.05262930999081147,2.0,15,2017-03-09 00:00:00,140,-0.05713228592107256,0.467605633803,,6.651331348609046,-2.671537876872687,909.176775220771,30,1993-09-02 00:00:00,23.53150684931507
0,0.011310019434092721,0.017219908413557545,2.0,25,2017-03-09 00:00:00,140,0.016597949214749684,0.481690140845,,6.651331348609046,0.7995068494992097,1298.5652322977596,30,1993-09-02 00:00:00,23.53150684931507
